Workbook

Sheet Summary
A1: Vivid Windows — September 2026 Recruiting Downline Revenue
A2: Revenue from deals canvassed by each manager (Self) or by any downline recruit, all levels - canvasser credit only
A4: Recruiter | B4: Downline Size | C4: Total Revenue (September) | D4: Deals Credited
A5: Tyler Mickelsen | B5: 88 | C5: ='Tyler Mickelsen'!F82 | D5: =COUNTA('Tyler Mickelsen'!A28:A81)
A6: Brock Morrison | B6: 107 | C6: ='Brock Morrison'!F54 | D6: =COUNTA('Brock Morrison'!A20:A53)
A7: Carl Crosland | B7: 50 | C7: ='Carl Crosland'!F59 | D7: =COUNTA('Carl Crosland'!A21:A58)
A8: JJ Gurney | B8: 30 | C8: ='JJ Gurney'!F41 | D8: =COUNTA('JJ Gurney'!A15:A40)
A9: Colter Busk | B9: 3 | C9: ='Colter Busk'!F26 | D9: =COUNTA('Colter Busk'!A12:A25)
A10: Nathan Lewis | B10: 10 | C10: ='Nathan Lewis'!F23 | D10: =COUNTA('Nathan Lewis'!A13:A22)
A11: Nick Brown | B11: 9 | C11: ='Nick Brown'!F26 | D11: =COUNTA('Nick Brown'!A14:A25)
A12: Dane Covington | B12: 28 | C12: ='Dane Covington'!F25 | D12: =COUNTA('Dane Covington'!A13:A24)
A13: Mavryck Holmgren | B13: 69 | C13: ='Mavryck Holmgren'!F23 | D13: =COUNTA('Mavryck Holmgren'!A15:A22)
A14: Todd Hess | B14: 2 | C14: ='Todd Hess'!F21 | D14: =COUNTA('Todd Hess'!A12:A20)
A15: Ethan Saxton | B15: 3 | C15: ='Ethan Saxton'!F19 | D15: =COUNTA('Ethan Saxton'!A12:A18)
A16: Kimberly Simmerman | B16: 5 | C16: ='Kimberly Simmerman'!F16 | D16: =COUNTA('Kimberly Simmerman'!A11:A15)
A17: Kerrigan Simpson | B17: 21 | C17: ='Kerrigan Simpson'!F17 | D17: =COUNTA('Kerrigan Simpson'!A12:A16)
A18: Mario Torres | B18: 2 | C18: ='Mario Torres'!F17 | D18: =COUNTA('Mario Torres'!A11:A16)
A19: Terry Xanthos | B19: 19 | C19: ='Terry Xanthos'!F17 | D19: =COUNTA('Terry Xanthos'!A11:A16)
A20: Brian Gwyn | B20: 16 | C20: ='Brian Gwyn'!F14 | D20: =COUNTA('Brian Gwyn'!A12:A13)
A21: Chase Merrell | B21: 3 | C21: ='Chase Merrell'!F14 | D21: =COUNTA('Chase Merrell'!A11:A13)
A22: Alan Fransen | B22: 3 | C22: ='Alan Fransen'!F16 | D22: =COUNTA('Alan Fransen'!A12:A15)
A23: Lane Coffey | B23: 2 | C23: ='Lane Coffey'!F14 | D23: =COUNTA('Lane Coffey'!A11:A13)
A24: Jason Trolson | B24: 1 | C24: ='Jason Trolson'!F12 | D24: =COUNTA('Jason Trolson'!A11:A11)
A25: Scott Heer | B25: 2 | C25: ='Scott Heer'!F12 | D25: =COUNTA('Scott Heer'!A11:A11)
A26: Caleb Fransen | B26: 1 | C26: ='Caleb Fransen'!F12 | D26: =COUNTA('Caleb Fransen'!A11:A11)
A27: Tanner Crosland | B27: 3 | C27: ='Tanner Crosland'!F12 | D27: =COUNTA('Tanner Crosland'!A11:A11)
A29: Company Won revenue, September 2026 (each deal once) | C29: 1499923 | D29: 88
A30: Manager totals overlap - a deal counts for every manager above the canvasser - so they are not added up.

Sheet Tyler Mickelsen
A1: Tyler Mickelsen
A2: Total downline revenue (September 2026): | B2: =F82
A4: Downline Recruit Breakdown
A5: Recruit | B5: Sales Team | C5: Level | D5: Recruited By | E5: Deals | F5: Revenue | G5: % of Total
A6: Kress Johnson | B6: Southern Utah | C6: Level 1 | D6: Tyler Mickelsen | E6: =COUNTIF($H$28:$H$81,A6) | F6: =SUMIF($H$28:$H$81,A6,$F$28:$F$81) | G6: =IF($F$82=0,0,F6/$F$82)
A7: Carl Crosland | B7: Northern Utah | C7: Level 1 | D7: Tyler Mickelsen | E7: =COUNTIF($H$28:$H$81,A7) | F7: =SUMIF($H$28:$H$81,A7,$F$28:$F$81) | G7: =IF($F$82=0,0,F7/$F$82)
A8: Brian Gwyn | B8: Eastern Idaho | C8: Level 1 | D8: Tyler Mickelsen | E8: =COUNTIF($H$28:$H$81,A8) | F8: =SUMIF($H$28:$H$81,A8,$F$28:$F$81) | G8: =IF($F$82=0,0,F8/$F$82)
A9: Jason Trolson | B9: Northern Utah | C9: Level 1 | D9: Tyler Mickelsen | E9: =COUNTIF($H$28:$H$81,A9) | F9: =SUMIF($H$28:$H$81,A9,$F$28:$F$81) | G9: =IF($F$82=0,0,F9/$F$82)
A10: Ryan Kelsey | B10: Northern California | C10: Level 2 | D10: Nathan Lewis | E10: =COUNTIF($H$28:$H$81,A10) | F10: =SUMIF($H$28:$H$81,A10,$F$28:$F$81) | G10: =IF($F$82=0,0,F10/$F$82)
A11: Nick Brown | B11: Eastern Idaho | C11: Level 2 | D11: Carl Crosland | E11: =COUNTIF($H$28:$H$81,A11) | F11: =SUMIF($H$28:$H$81,A11,$F$28:$F$81) | G11: =IF($F$82=0,0,F11/$F$82)
A12: Dane Covington | B12: Northern Utah | C12: Level 2 | D12: Carl Crosland | E12: =COUNTIF($H$28:$H$81,A12) | F12: =SUMIF($H$28:$H$81,A12,$F$28:$F$81) | G12: =IF($F$82=0,0,F12/$F$82)
A13: Todd Hess | B13: Northern Utah | C13: Level 2 | D13: Carl Crosland | E13: =COUNTIF($H$28:$H$81,A13) | F13: =SUMIF($H$28:$H$81,A13,$F$28:$F$81) | G13: =IF($F$82=0,0,F13/$F$82)
A14: Ethan Saxton | B14: Southern Utah | C14: Level 2 | D14: Nathan Lewis | E14: =COUNTIF($H$28:$H$81,A14) | F14: =SUMIF($H$28:$H$81,A14,$F$28:$F$81) | G14: =IF($F$82=0,0,F14/$F$82)
A15: Tanner Crosland | B15: Northern Utah | C15: Level 2 | D15: Carl Crosland | E15: =COUNTIF($H$28:$H$81,A15) | F15: =SUMIF($H$28:$H$81,A15,$F$28:$F$81) | G15: =IF($F$82=0,0,F15/$F$82)
A16: Shawn Harding | B16: Northern Utah | C16: Level 3 | D16: Todd Hess | E16: =COUNTIF($H$28:$H$81,A16) | F16: =SUMIF($H$28:$H$81,A16,$F$28:$F$81) | G16: =IF($F$82=0,0,F16/$F$82)
A17: Camille Gerritsen | B17: Northern Utah | C17: Level 3 | D17: Ethan Saxton | E17: =COUNTIF($H$28:$H$81,A17) | F17: =SUMIF($H$28:$H$81,A17,$F$28:$F$81) | G17: =IF($F$82=0,0,F17/$F$82)
... A23: Isabella Basanta | B23: Northern Utah | C23: Level 5 | D23: Mario Torres | E23: =COUNTIF($H$28:$H$81,A23) | F23: =SUMIF($H$28:$H$81,A23,$F$28:$F$81) | G23: =IF($F$82=0,0,F23/$F$82)
A24: TOTAL | E24: =SUM(E6:E23) | F24: =SUM(F6:F23) | G24: =SUM(G6:G23)
A26: Opportunities
A27: Opportunity | B27: Sales Team | C27: Canvasser | D27: Closer | E27: Closing Date | F27: Contract Value | G27: Downline | H27: Credited Via
A28: Robert & Maria Becker / 2405 3rd Ave N | B28: Eastern Idaho | C28: Brian Gwyn | D28: Brian Gwyn | E28: 46295 | F28: 47530 | G28: Level 1 | H28: Brian Gwyn
A29: Laron Crosland / 2217 W Windchime Dr | B29: Northern Utah | C29: Carl Crosland | D29: Carl Crosland | E29: 46284 | F29: 43926 | G29: Level 1 | H29: Carl Crosland
A30: Zach Lubek / 4314 Palisades Park Dr | B30: Southern Utah | C30: Kress Johnson | D30: Nathan Lewis | E30: 46285 | F30: 34014 | G30: Level 1 | H30: Kress Johnson
A31: Nathan Royer / 4245 Palisades Park Dr | B31: Southern Utah | C31: Kress Johnson | D31: Nathan Lewis | E31: 46283 | F31: 31755 | G31: Level 1 | H31: Kress Johnson
A32: Cindy Sahli / 3941 Rimrock Rd | B32: Southern Utah | C32: Kress Johnson | D32: JJ Gurney | E32: 46282 | F32: 25350 | G32: Level 1 | H32: Kress Johnson
A33: Mark Earnhardt / 1 Starwood Dr | B33: Northern Utah | C33: Carl Crosland | D33: Carl Crosland | E33: 46279 | F33: 20821 | G33: Level 1 | H33: Carl Crosland
A34: Tami Ellis / 130 Briarwood Ln | B34: Northern Utah | C34: Jason Trolson | D34: Dane Covington | E34: 46278 | F34: 20565 | G34: Level 1 | H34: Jason Trolson
A35: Bob Oldenburg / 3771 Sparrow Dr | B35: Northern Utah | C35: Carl Crosland | D35: Carl Crosland | E35: 46280 | F35: 12757 | G35: Level 1 | H35: Carl Crosland
A36: Ronda Hair 2 / 513 W Salem Canal Rd | B36: Northern Utah | C36: Carl Crosland | D36: Carl Crosland | E36: 46267 | F36: 1489 | G36: Level 1 | H36: Carl Crosland
A37: Lewis Disbrow / 2473 Pine St | B37: Northern California | C37: Ryan Kelsey | D37: Ryan Kelsey | E37: 46273 | F37: 43003 | G37: Level 2 | H37: Ryan Kelsey
A38: Brett Breaud / 1 Prospect Way | B38: Eastern Idaho | C38: Nick Brown | D38: Nick Brown | E38: 46291 | F38: 26855 | G38: Level 2 | H38: Nick Brown
A39: Mike Bakke / 1122 Choteau St | B39: Northern Utah | C39: Dane Covington | D39: Dane Covington | E39: 46279 | F39: 25357 | G39: Level 2 | H39: Dane Covington
... A81: Mario Ricardo Torres Laboriel / 636 E 300 N | B81: Northern Utah | C81: Isabella Basanta | D81: Terry Xanthos | E81: 46295 | F81: 3534 | G81: Level 5 | H81: Isabella Basanta
A82: TOTAL | F82: =SUM(F28:F81)

Sheet Brock Morrison
A1: Brock Morrison
A2: Total downline revenue (September 2026): | B2: =F54
A4: Downline Recruit Breakdown
A5: Recruit | B5: Sales Team | C5: Level | D5: Recruited By | E5: Deals | F5: Revenue | G5: % of Total
A6: Kimberly Simmerman | B6: Southern Utah | C6: Level 2 | D6: JJ Gurney | E6: =COUNTIF($H$20:$H$53,A6) | F6: =SUMIF($H$20:$H$53,A6,$F$20:$F$53) | G6: =IF($F$54=0,0,F6/$F$54)
A7: Diane Oswald | B7: Southern Utah | C7: Level 2 | D7: JJ Gurney | E7: =COUNTIF($H$20:$H$53,A7) | F7: =SUMIF($H$20:$H$53,A7,$F$20:$F$53) | G7: =IF($F$54=0,0,F7/$F$54)
A8: Chase Merrell | B8: Southern Utah | C8: Level 2 | D8: JJ Gurney | E8: =COUNTIF($H$20:$H$53,A8) | F8: =SUMIF($H$20:$H$53,A8,$F$20:$F$53) | G8: =IF($F$54=0,0,F8/$F$54)
A9: Colter Busk | B9: Southern Utah | C9: Level 2 | D9: JJ Gurney | E9: =COUNTIF($H$20:$H$53,A9) | F9: =SUMIF($H$20:$H$53,A9,$F$20:$F$53) | G9: =IF($F$54=0,0,F9/$F$54)
A10: Zach Lemon | B10: Eastern Idaho | C10: Level 2 | D10: Mavryck Holmgren | E10: =COUNTIF($H$20:$H$53,A10) | F10: =SUMIF($H$20:$H$53,A10,$F$20:$F$53) | G10: =IF($F$54=0,0,F10/$F$54)
A11: Kerrigan Simpson | B11: Eastern Idaho | C11: Level 2 | D11: Mavryck Holmgren | E11: =COUNTIF($H$20:$H$53,A11) | F11: =SUMIF($H$20:$H$53,A11,$F$20:$F$53) | G11: =IF($F$54=0,0,F11/$F$54)
A12: Giancarlo Stoffels | B12: Southern Utah | C12: Level 2 | D12: Mavryck Holmgren | E12: =COUNTIF($H$20:$H$53,A12) | F12: =SUMIF($H$20:$H$53,A12,$F$20:$F$53) | G12: =IF($F$54=0,0,F12/$F$54)
A13: Travis Dykman | B13: Eastern Idaho | C13: Level 2 | D13: Mavryck Holmgren | E13: =COUNTIF($H$20:$H$53,A13) | F13: =SUMIF($H$20:$H$53,A13,$F$20:$F$53) | G13: =IF($F$54=0,0,F13/$F$54)
A14: Brandon Simpson | B14: Eastern Idaho | C14: Level 3 | D14: Colter Busk | E14: =COUNTIF($H$20:$H$53,A14) | F14: =SUMIF($H$20:$H$53,A14,$F$20:$F$53) | G14: =IF($F$54=0,0,F14/$F$54)
A15: Lane Coffey | B15: Eastern Idaho | C15: Level 3 | D15: Kerrigan Simpson | E15: =COUNTIF($H$20:$H$53,A15) | F15: =SUMIF($H$20:$H$53,A15,$F$20:$F$53) | G15: =IF($F$54=0,0,F15/$F$54)
A16: TOTAL | E16: =SUM(E6:E15) | F16: =SUM(F6:F15) | G16: =SUM(G6:G15)
A18: Opportunities
A19: Opportunity | B19: Sales Team | C19: Canvasser | D19: Closer | E19: Closing Date | F19: Contract Value | G19: Downline | H19: Credited Via
A20: Anna Hewitt / 1301 46th Ave NE | B20: Eastern Idaho | C20: Zach Lemon | D20: Nick Brown | E20: 46291 | F20: 48464 | G20: Level 2 | H20: Zach Lemon
A21: Michael Monday / 192 Quiet Water Ave | B21: Southern Utah | C21: Chase Merrell | D21: Nathan Lewis | E21: 46281 | F21: 38023 | G21: Level 2 | H21: Chase Merrell
A22: Milton Johns / 2436 Haw Creek Blvd | B22: Eastern Idaho | C22: Kerrigan Simpson | D22: Kerrigan Simpson | E22: 46267 | F22: 30009 | G22: Level 2 | H22: Kerrigan Simpson
A23: Lillian Kelsch / 2408 E Meadow Mist Way | B23: Southern Utah | C23: Colter Busk | D23: Jordan Naylor | E23: 46274 | F23: 27248 | G23: Level 2 | H23: Colter Busk
A24: Shawn & Angela Hannah / 551 Tabriz Dr | B24: Southern Utah | C24: Diane Oswald | D24: Jordan Naylor | E24: 46280 | F24: 24813 | G24: Level 2 | H24: Diane Oswald
A25: Roger Gold 2 / 12 N Cove Dr | B25: Southern Utah | C25: Kimberly Simmerman | D25: Jordan Naylor | E25: 46282 | F25: 20338 | G25: Level 2 | H25: Kimberly Simmerman
A26: Carlos & Yanina Becco / 1004 S 860 W | B26: Southern Utah | C26: Kimberly Simmerman | D26: Jordan Naylor | E26: 46282 | F26: 20262 | G26: Level 2 | H26: Kimberly Simmerman
A27: Lisa & John Matz / 4119 June Dr | B27: Southern Utah | C27: Diane Oswald | D27: JJ Gurney | E27: 46279 | F27: 20226 | G27: Level 2 | H27: Diane Oswald
A28: Kim & Lorie Stonehouse / 893 S 860 W | B28: Southern Utah | C28: Kimberly Simmerman | D28: JJ Gurney | E28: 46276 | F28: 19549 | G28: Level 2 | H28: Kimberly Simmerman
A29: Jennifer Gaghen / 430 Wigwam Trl | B29: Southern Utah | C29: Chase Merrell | D29: Nathan Lewis | E29: 46281 | F29: 18593 | G29: Level 2 | H29: Chase Merrell
A30: Brett & Jennie Lefevre / 2817 S 2460 E | B30: Southern Utah | C30: Colter Busk | D30: Nathan Lewis | E30: 46291 | F30: 17811 | G30: Level 2 | H30: Colter Busk
A31: Calvin & Reita Odle / 2107 Elizabeth St | B31: Southern Utah | C31: Diane Oswald | D31: Nathan Lewis | E31: 46287 | F31: 17662 | G31: Level 2 | H31: Diane Oswald
... A53: Anita/Rayne Klein / 151 Cove Ln | B53: Eastern Idaho | C53: Lane Coffey | D53: Kerrigan Simpson | E53: 46291 | F53: 6686 | G53: Level 3 | H53: Lane Coffey
A54: TOTAL | F54: =SUM(F20:F53)

Sheet Carl Crosland
A1: Carl Crosland
A2: Total downline revenue (September 2026): | B2: =F59
A4: Downline Recruit Breakdown
A5: Recruit | B5: Sales Team | C5: Level | D5: Recruited By | E5: Deals | F5: Revenue | G5: % of Total
A6: Carl Crosland | B6: Northern Utah | C6: Self | E6: =COUNTIF($H$21:$H$58,A6) | F6: =SUMIF($H$21:$H$58,A6,$F$21:$F$58) | G6: =IF($F$59=0,0,F6/$F$59)
A7: Nick Brown | B7: Eastern Idaho | C7: Level 1 | D7: Carl Crosland | E7: =COUNTIF($H$21:$H$58,A7) | F7: =SUMIF($H$21:$H$58,A7,$F$21:$F$58) | G7: =IF($F$59=0,0,F7/$F$59)
A8: Dane Covington | B8: Northern Utah | C8: Level 1 | D8: Carl Crosland | E8: =COUNTIF($H$21:$H$58,A8) | F8: =SUMIF($H$21:$H$58,A8,$F$21:$F$58) | G8: =IF($F$59=0,0,F8/$F$59)
A9: Todd Hess | B9: Northern Utah | C9: Level 1 | D9: Carl Crosland | E9: =COUNTIF($H$21:$H$58,A9) | F9: =SUMIF($H$21:$H$58,A9,$F$21:$F$58) | G9: =IF($F$59=0,0,F9/$F$59)
A10: Tanner Crosland | B10: Northern Utah | C10: Level 1 | D10: Carl Crosland | E10: =COUNTIF($H$21:$H$58,A10) | F10: =SUMIF($H$21:$H$58,A10,$F$21:$F$58) | G10: =IF($F$59=0,0,F10/$F$59)
A11: Shawn Harding | B11: Northern Utah | C11: Level 2 | D11: Todd Hess | E11: =COUNTIF($H$21:$H$58,A11) | F11: =SUMIF($H$21:$H$58,A11,$F$21:$F$58) | G11: =IF($F$59=0,0,F11/$F$59)
A12: Zackary Johnston | B12: Eastern Idaho | C12: Level 2 | D12: Nick Brown | E12: =COUNTIF($H$21:$H$58,A12) | F12: =SUMIF($H$21:$H$58,A12,$F$21:$F$58) | G12: =IF($F$59=0,0,F12/$F$59)
A13: Alan Fransen | B13: Eastern Idaho | C13: Level 2 | D13: Nick Brown | E13: =COUNTIF($H$21:$H$58,A13) | F13: =SUMIF($H$21:$H$58,A13,$F$21:$F$58) | G13: =IF($F$59=0,0,F13/$F$59)
A14: Cade Covington | B14: Northern Utah | C14: Level 2 | D14: Dane Covington | E14: =COUNTIF($H$21:$H$58,A14) | F14: =SUMIF($H$21:$H$58,A14,$F$21:$F$58) | G14: =IF($F$59=0,0,F14/$F$59)
A15: Caleb Fransen | B15: Eastern Idaho | C15: Level 3 | D15: Alan Fransen | E15: =COUNTIF($H$21:$H$58,A15) | F15: =SUMIF($H$21:$H$58,A15,$F$21:$F$58) | G15: =IF($F$59=0,0,F15/$F$59)
A16: Isabella Basanta | B16: Northern Utah | C16: Level 4 | D16: Mario Torres | E16: =COUNTIF($H$21:$H$58,A16) | F16: =SUMIF($H$21:$H$58,A16,$F$21:$F$58) | G16: =IF($F$59=0,0,F16/$F$59)
A17: TOTAL | E17: =SUM(E6:E16) | F17: =SUM(F6:F16) | G17: =SUM(G6:G16)
A19: Opportunities
A20: Opportunity | B20: Sales Team | C20: Canvasser | D20: Closer | E20: Closing Date | F20: Contract Value | G20: Downline | H20: Credited Via
A21: Laron Crosland / 2217 W Windchime Dr | B21: Northern Utah | C21: Carl Crosland | D21: Carl Crosland | E21: 46284 | F21: 43926 | G21: Self | H21: Carl Crosland
A22: Mark Earnhardt / 1 Starwood Dr | B22: Northern Utah | C22: Carl Crosland | D22: Carl Crosland | E22: 46279 | F22: 20821 | G22: Self | H22: Carl Crosland
A23: Bob Oldenburg / 3771 Sparrow Dr | B23: Northern Utah | C23: Carl Crosland | D23: Carl Crosland | E23: 46280 | F23: 12757 | G23: Self | H23: Carl Crosland
A24: Ronda Hair 2 / 513 W Salem Canal Rd | B24: Northern Utah | C24: Carl Crosland | D24: Carl Crosland | E24: 46267 | F24: 1489 | G24: Self | H24: Carl Crosland
A25: Brett Breaud / 1 Prospect Way | B25: Eastern Idaho | C25: Nick Brown | D25: Nick Brown | E25: 46291 | F25: 26855 | G25: Level 1 | H25: Nick Brown
A26: Mike Bakke / 1122 Choteau St | B26: Northern Utah | C26: Dane Covington | D26: Dane Covington | E26: 46279 | F26: 25357 | G26: Level 1 | H26: Dane Covington
A27: Kirsten Madsen / 703 8th Ave | B27: Northern Utah | C27: Dane Covington | D27: Dane Covington | E27: 46287 | F27: 22079 | G27: Level 1 | H27: Dane Covington
A28: Carroll Benjamin / 606 E Groschell St | B28: Northern Utah | C28: Todd Hess | D28: Todd Hess | E28: 46270 | F28: 21582 | G28: Level 1 | H28: Todd Hess
A29: Shawna Williams / 2213 Pauline Dr | B29: Eastern Idaho | C29: Nick Brown | D29: Nick Brown | E29: 46274 | F29: 16955 | G29: Level 1 | H29: Nick Brown
A30: Denise Gjerde / 411 W Riggs St | B30: Northern Utah | C30: Todd Hess | D30: Todd Hess | E30: 46271 | F30: 16157 | G30: Level 1 | H30: Todd Hess
A31: Bryant Gauthier / 1827 Hollins Ave | B31: Northern Utah | C31: Dane Covington | D31: Dane Covington | E31: 46284 | F31: 16030 | G31: Level 1 | H31: Dane Covington
A32: Russell Simmons / 100 Sharon Dr | B32: Eastern Idaho | C32: Nick Brown | D32: Nick Brown | E32: 46288 | F32: 15055 | G32: Level 1 | H32: Nick Brown
... A58: Mario Ricardo Torres Laboriel / 636 E 300 N | B58: Northern Utah | C58: Isabella Basanta | D58: Terry Xanthos | E58: 46295 | F58: 3534 | G58: Level 4 | H58: Isabella Basanta
A59: TOTAL | F59: =SUM(F21:F58)

Sheet JJ Gurney
A1: JJ Gurney
A2: Total downline revenue (September 2026): | B2: =F41
A4: Downline Recruit Breakdown
A5: Recruit | B5: Sales Team | C5: Level | D5: Recruited By | E5: Deals | F5: Revenue | G5: % of Total
A6: Kimberly Simmerman | B6: Southern Utah | C6: Level 1 | D6: JJ Gurney | E6: =COUNTIF($H$15:$H$40,A6) | F6: =SUMIF($H$15:$H$40,A6,$F$15:$F$40) | G6: =IF($F$41=0,0,F6/$F$41)
A7: Diane Oswald | B7: Southern Utah | C7: Level 1 | D7: JJ Gurney | E7: =COUNTIF($H$15:$H$40,A7) | F7: =SUMIF($H$15:$H$40,A7,$F$15:$F$40) | G7: =IF($F$41=0,0,F7/$F$41)
A8: Chase Merrell | B8: Southern Utah | C8: Level 1 | D8: JJ Gurney | E8: =COUNTIF($H$15:$H$40,A8) | F8: =SUMIF($H$15:$H$40,A8,$F$15:$F$40) | G8: =IF($F$41=0,0,F8/$F$41)
A9: Colter Busk | B9: Southern Utah | C9: Level 1 | D9: JJ Gurney | E9: =COUNTIF($H$15:$H$40,A9) | F9: =SUMIF($H$15:$H$40,A9,$F$15:$F$40) | G9: =IF($F$41=0,0,F9/$F$41)
A10: Brandon Simpson | B10: Eastern Idaho | C10: Level 2 | D10: Colter Busk | E10: =COUNTIF($H$15:$H$40,A10) | F10: =SUMIF($H$15:$H$40,A10,$F$15:$F$40) | G10: =IF($F$41=0,0,F10/$F$41)
A11: TOTAL | E11: =SUM(E6:E10) | F11: =SUM(F6:F10) | G11: =SUM(G6:G10)
A13: Opportunities
A14: Opportunity | B14: Sales Team | C14: Canvasser | D14: Closer | E14: Closing Date | F14: Contract Value | G14: Downline | H14: Credited Via
A15: Michael Monday / 192 Quiet Water Ave | B15: Southern Utah | C15: Chase Merrell | D15: Nathan Lewis | E15: 46281 | F15: 38023 | G15: Level 1 | H15: Chase Merrell
A16: Lillian Kelsch / 2408 E Meadow Mist Way | B16: Southern Utah | C16: Colter Busk | D16: Jordan Naylor | E16: 46274 | F16: 27248 | G16: Level 1 | H16: Colter Busk
A17: Shawn & Angela Hannah / 551 Tabriz Dr | B17: Southern Utah | C17: Diane Oswald | D17: Jordan Naylor | E17: 46280 | F17: 24813 | G17: Level 1 | H17: Diane Oswald
A18: Roger Gold 2 / 12 N Cove Dr | B18: Southern Utah | C18: Kimberly Simmerman | D18: Jordan Naylor | E18: 46282 | F18: 20338 | G18: Level 1 | H18: Kimberly Simmerman
A19: Carlos & Yanina Becco / 1004 S 860 W | B19: Southern Utah | C19: Kimberly Simmerman | D19: Jordan Naylor | E19: 46282 | F19: 20262 | G19: Level 1 | H19: Kimberly Simmerman
A20: Lisa & John Matz / 4119 June Dr | B20: Southern Utah | C20: Diane Oswald | D20: JJ Gurney | E20: 46279 | F20: 20226 | G20: Level 1 | H20: Diane Oswald
A21: Kim & Lorie Stonehouse / 893 S 860 W | B21: Southern Utah | C21: Kimberly Simmerman | D21: JJ Gurney | E21: 46276 | F21: 19549 | G21: Level 1 | H21: Kimberly Simmerman
A22: Jennifer Gaghen / 430 Wigwam Trl | B22: Southern Utah | C22: Chase Merrell | D22: Nathan Lewis | E22: 46281 | F22: 18593 | G22: Level 1 | H22: Chase Merrell
A23: Brett & Jennie Lefevre / 2817 S 2460 E | B23: Southern Utah | C23: Colter Busk | D23: Nathan Lewis | E23: 46291 | F23: 17811 | G23: Level 1 | H23: Colter Busk
A24: Calvin & Reita Odle / 2107 Elizabeth St | B24: Southern Utah | C24: Diane Oswald | D24: Nathan Lewis | E24: 46287 | F24: 17662 | G24: Level 1 | H24: Diane Oswald
A25: Sue and Sky Best / 1876 THREE MARYS PL | B25: Southern Utah | C25: Diane Oswald | D25: Nathan Lewis | E25: 46269 | F25: 13658 | G25: Level 1 | H25: Diane Oswald
A26: Marilyn Grainger / 996 S 860 W | B26: Southern Utah | C26: Kimberly Simmerman | D26: Jordan Naylor | E26: 46282 | F26: 13193 | G26: Level 1 | H26: Kimberly Simmerman
... A40: Susan Quillen / 4600 Lerch Ln | B40: Eastern Idaho | C40: Brandon Simpson | D40: Nick Brown | E40: 46276 | F40: 8050 | G40: Level 2 | H40: Brandon Simpson
A41: TOTAL | F41: =SUM(F15:F40)

Sheet Colter Busk
A1: Colter Busk
A2: Total downline revenue (September 2026): | B2: =F26
A4: Downline Recruit Breakdown
A5: Recruit | B5: Sales Team | C5: Level | D5: Recruited By | E5: Deals | F5: Revenue | G5: % of Total
A6: Colter Busk | B6: Southern Utah | C6: Self | E6: =COUNTIF($H$12:$H$25,A6) | F6: =SUMIF($H$12:$H$25,A6,$F$12:$F$25) | G6: =IF($F$26=0,0,F6/$F$26)
A7: Brandon Simpson | B7: Eastern Idaho | C7: Level 1 | D7: Colter Busk | E7: =COUNTIF($H$12:$H$25,A7) | F7: =SUMIF($H$12:$H$25,A7,$F$12:$F$25) | G7: =IF($F$26=0,0,F7/$F$26)
A8: TOTAL | E8: =SUM(E6:E7) | F8: =SUM(F6:F7) | G8: =SUM(G6:G7)
A10: Opportunities
A11: Opportunity | B11: Sales Team | C11: Canvasser | D11: Closer | E11: Closing Date | F11: Contract Value | G11: Downline | H11: Credited Via
A12: Lillian Kelsch / 2408 E Meadow Mist Way | B12: Southern Utah | C12: Colter Busk | D12: Jordan Naylor | E12: 46274 | F12: 27248 | G12: Self | H12: Colter Busk
A13: Brett & Jennie Lefevre / 2817 S 2460 E | B13: Southern Utah | C13: Colter Busk | D13: Nathan Lewis | E13: 46291 | F13: 17811 | G13: Self | H13: Colter Busk
A14: Donald & Nikki Groshans / 2705 Mast Cir | B14: Southern Utah | C14: Colter Busk | D14: JJ Gurney | E14: 46284 | F14: 12349 | G14: Self | H14: Colter Busk
A15: Linda & Dusty McLeod / 2504 Interlachen Dr | B15: Southern Utah | C15: Colter Busk | D15: Jordan Naylor | E15: 46280 | F15: 5841 | G15: Self | H15: Colter Busk
A16: Mitchell Jesse / 7787 Bear Dr | B16: Eastern Idaho | C16: Brandon Simpson | D16: Nick Brown | E16: 46277 | F16: 19259 | G16: Level 1 | H16: Brandon Simpson
A17: Susette Schabarker / 423 31st St NW | B17: Eastern Idaho | C17: Brandon Simpson | D17: Nick Brown | E17: 46291 | F17: 18938 | G17: Level 1 | H17: Brandon Simpson
A18: Joseph Canete / 413 Van Buren Ave | B18: Eastern Idaho | C18: Brandon Simpson | D18: Nick Brown | E18: 46293 | F18: 17404 | G18: Level 1 | H18: Brandon Simpson
A19: Gretchen Murray / 27 Canyon View Dr | B19: Eastern Idaho | C19: Brandon Simpson | D19: Nick Brown | E19: 46275 | F19: 15833 | G19: Level 1 | H19: Brandon Simpson
A20: Melissa Shandley / 298 Washington Blvd | B20: Eastern Idaho | C20: Brandon Simpson | D20: Kerrigan Simpson | E20: 46295 | F20: 15189 | G20: Level 1 | H20: Brandon Simpson
A21: Sandy Brown / 7875 Bear Dr | B21: Eastern Idaho | C21: Brandon Simpson | D21: Kerrigan Simpson | E21: 46277 | F21: 14318 | G21: Level 1 | H21: Brandon Simpson
A22: Choti Skousen / 17 Marthas Ct | B22: Eastern Idaho | C22: Brandon Simpson | D22: Nick Brown | E22: 46273 | F22: 10997 | G22: Level 1 | H22: Brandon Simpson
A23: Mike Debolt / 311 24th St SW | B23: Eastern Idaho | C23: Brandon Simpson | D23: Nick Brown | E23: 46290 | F23: 10008 | G23: Level 1 | H23: Brandon Simpson
... A25: Susan Quillen / 4600 Lerch Ln | B25: Eastern Idaho | C25: Brandon Simpson | D25: Nick Brown | E25: 46276 | F25: 8050 | G25: Level 1 | H25: Brandon Simpson
A26: TOTAL | F26: =SUM(F12:F25)

Sheet Nathan Lewis
A1: Nathan Lewis
A2: Total downline revenue (September 2026): | B2: =F23
A4: Downline Recruit Breakdown
A5: Recruit | B5: Sales Team | C5: Level | D5: Recruited By | E5: Deals | F5: Revenue | G5: % of Total
A6: Ryan Kelsey | B6: Northern California | C6: Level 1 | D6: Nathan Lewis | E6: =COUNTIF($H$13:$H$22,A6) | F6: =SUMIF($H$13:$H$22,A6,$F$13:$F$22) | G6: =IF($F$23=0,0,F6/$F$23)
A7: Ethan Saxton | B7: Southern Utah | C7: Level 1 | D7: Nathan Lewis | E7: =COUNTIF($H$13:$H$22,A7) | F7: =SUMIF($H$13:$H$22,A7,$F$13:$F$22) | G7: =IF($F$23=0,0,F7/$F$23)
A8: Camille Gerritsen | B8: Northern Utah | C8: Level 2 | D8: Ethan Saxton | E8: =COUNTIF($H$13:$H$22,A8) | F8: =SUMIF($H$13:$H$22,A8,$F$13:$F$22) | G8: =IF($F$23=0,0,F8/$F$23)
A9: TOTAL | E9: =SUM(E6:E8) | F9: =SUM(F6:F8) | G9: =SUM(G6:G8)
A11: Opportunities
A12: Opportunity | B12: Sales Team | C12: Canvasser | D12: Closer | E12: Closing Date | F12: Contract Value | G12: Downline | H12: Credited Via
A13: Lewis Disbrow / 2473 Pine St | B13: Northern California | C13: Ryan Kelsey | D13: Ryan Kelsey | E13: 46273 | F13: 43003 | G13: Level 1 | H13: Ryan Kelsey
A14: Karen Tomajan / 623 Pasa Tiempo Ct | B14: Northern California | C14: Ryan Kelsey | D14: Ryan Kelsey | E14: 46277 | F14: 22991 | G14: Level 1 | H14: Ryan Kelsey
A15: Cathy McGoff / 2055 Cactus Ct Apt 3 | B15: Northern California | C15: Ryan Kelsey | D15: Ryan Kelsey | E15: 46267 | F15: 21244 | G15: Level 1 | H15: Ryan Kelsey
A16: Maralene Spawn / 1242 Cortez Ave | B16: Southern Utah | C16: Ethan Saxton | D16: Jordan Naylor | E16: 46279 | F16: 15127 | G16: Level 1 | H16: Ethan Saxton
A17: Darlene Bohl / 1082 Sierra Granda Blvd | B17: Southern Utah | C17: Ethan Saxton | D17: Nathan Lewis | E17: 46282 | F17: 9869 | G17: Level 1 | H17: Ethan Saxton
A18: Phil Bushilla / 701 Red Letter St | B18: Northern Utah | C18: Camille Gerritsen | D18: Carl Crosland | E18: 46277 | F18: 25904 | G18: Level 2 | H18: Camille Gerritsen
A19: Brian Morris / 2102 Turmaline Ct | B19: Northern Utah | C19: Camille Gerritsen | D19: Dane Covington | E19: 46279 | F19: 20817 | G19: Level 2 | H19: Camille Gerritsen
A20: Travis Groberg / 313 Emerson Ave | B20: Northern Utah | C20: Camille Gerritsen | D20: Dane Covington | E20: 46270 | F20: 11519 | G20: Level 2 | H20: Camille Gerritsen
A21: Zoe Bushilla / 2514 Heritage Dr | B21: Northern Utah | C21: Camille Gerritsen | D21: Carl Crosland | E21: 46277 | F21: 10988 | G21: Level 2 | H21: Camille Gerritsen
A22: Kathleenn Koford / 15 S Raleigh St | B22: Northern Utah | C22: Camille Gerritsen | D22: Dane Covington | E22: 46283 | F22: 7448 | G22: Level 2 | H22: Camille Gerritsen
A23: TOTAL | F23: =SUM(F13:F22)

Sheet Nick Brown
A1: Nick Brown
A2: Total downline revenue (September 2026): | B2: =F26
A4: Downline Recruit Breakdown
A5: Recruit | B5: Sales Team | C5: Level | D5: Recruited By | E5: Deals | F5: Revenue | G5: % of Total
A6: Nick Brown | B6: Eastern Idaho | C6: Self | E6: =COUNTIF($H$14:$H$25,A6) | F6: =SUMIF($H$14:$H$25,A6,$F$14:$F$25) | G6: =IF($F$26=0,0,F6/$F$26)
A7: Zackary Johnston | B7: Eastern Idaho | C7: Level 1 | D7: Nick Brown | E7: =COUNTIF($H$14:$H$25,A7) | F7: =SUMIF($H$14:$H$25,A7,$F$14:$F$25) | G7: =IF($F$26=0,0,F7/$F$26)
A8: Alan Fransen | B8: Eastern Idaho | C8: Level 1 | D8: Nick Brown | E8: =COUNTIF($H$14:$H$25,A8) | F8: =SUMIF($H$14:$H$25,A8,$F$14:$F$25) | G8: =IF($F$26=0,0,F8/$F$26)
A9: Caleb Fransen | B9: Eastern Idaho | C9: Level 2 | D9: Alan Fransen | E9: =COUNTIF($H$14:$H$25,A9) | F9: =SUMIF($H$14:$H$25,A9,$F$14:$F$25) | G9: =IF($F$26=0,0,F9/$F$26)
A10: TOTAL | E10: =SUM(E6:E9) | F10: =SUM(F6:F9) | G10: =SUM(G6:G9)
A12: Opportunities
A13: Opportunity | B13: Sales Team | C13: Canvasser | D13: Closer | E13: Closing Date | F13: Contract Value | G13: Downline | H13: Credited Via
A14: Brett Breaud / 1 Prospect Way | B14: Eastern Idaho | C14: Nick Brown | D14: Nick Brown | E14: 46291 | F14: 26855 | G14: Self | H14: Nick Brown
A15: Shawna Williams / 2213 Pauline Dr | B15: Eastern Idaho | C15: Nick Brown | D15: Nick Brown | E15: 46274 | F15: 16955 | G15: Self | H15: Nick Brown
A16: Russell Simmons / 100 Sharon Dr | B16: Eastern Idaho | C16: Nick Brown | D16: Nick Brown | E16: 46288 | F16: 15055 | G16: Self | H16: Nick Brown
A17: Robert Peraino / 3255 Humble Rd | B17: Eastern Idaho | C17: Nick Brown | D17: Nick Brown | E17: 46277 | F17: 10098 | G17: Self | H17: Nick Brown
A18: Kasey Morris / 1330 Country Home Ln | B18: Eastern Idaho | C18: Nick Brown | D18: Nick Brown | E18: 46289 | F18: 7603 | G18: Self | H18: Nick Brown
A19: Manuel Fagundes / 67 Embry Ln | B19: Eastern Idaho | C19: Zackary Johnston | D19: Nick Brown | E19: 46292 | F19: 17474 | G19: Level 1 | H19: Zackary Johnston
A20: David Poulson / 4443 E 116 N | B20: Eastern Idaho | C20: Alan Fransen | D20: Alan Fransen | E20: 46279 | F20: 13785 | G20: Level 1 | H20: Alan Fransen
A21: Forrest Barnes / 237 N 4300 E | B21: Eastern Idaho | C21: Alan Fransen | D21: Alan Fransen | E21: 46289 | F21: 13441 | G21: Level 1 | H21: Alan Fransen
A22: Celia & Mike Morse / 237 2nd St NW | B22: Eastern Idaho | C22: Zackary Johnston | D22: Nick Brown | E22: 46293 | F22: 12221 | G22: Level 1 | H22: Zackary Johnston
A23: Kali Dubose / 213 18th Ave NW | B23: Eastern Idaho | C23: Zackary Johnston | D23: Nick Brown | E23: 46290 | F23: 11832 | G23: Level 1 | H23: Zackary Johnston
A24: Thomas Strong / 4124 E 230 N | B24: Eastern Idaho | C24: Alan Fransen | D24: Alan Fransen | E24: 46289 | F24: 6095 | G24: Level 1 | H24: Alan Fransen
A25: Lam Vo / 331 Alder St | B25: Eastern Idaho | C25: Caleb Fransen | D25: Kerrigan Simpson | E25: 46270 | F25: 18991 | G25: Level 2 | H25: Caleb Fransen
A26: TOTAL | F26: =SUM(F14:F25)

Sheet Dane Covington
A1: Dane Covington
A2: Total downline revenue (September 2026): | B2: =F25
A4: Downline Recruit Breakdown
A5: Recruit | B5: Sales Team | C5: Level | D5: Recruited By | E5: Deals | F5: Revenue | G5: % of Total
A6: Dane Covington | B6: Northern Utah | C6: Self | E6: =COUNTIF($H$13:$H$24,A6) | F6: =SUMIF($H$13:$H$24,A6,$F$13:$F$24) | G6: =IF($F$25=0,0,F6/$F$25)
A7: Cade Covington | B7: Northern Utah | C7: Level 1 | D7: Dane Covington | E7: =COUNTIF($H$13:$H$24,A7) | F7: =SUMIF($H$13:$H$24,A7,$F$13:$F$24) | G7: =IF($F$25=0,0,F7/$F$25)
A8: Isabella Basanta | B8: Northern Utah | C8: Level 3 | D8: Mario Torres | E8: =COUNTIF($H$13:$H$24,A8) | F8: =SUMIF($H$13:$H$24,A8,$F$13:$F$24) | G8: =IF($F$25=0,0,F8/$F$25)
A9: TOTAL | E9: =SUM(E6:E8) | F9: =SUM(F6:F8) | G9: =SUM(G6:G8)
A11: Opportunities
A12: Opportunity | B12: Sales Team | C12: Canvasser | D12: Closer | E12: Closing Date | F12: Contract Value | G12: Downline | H12: Credited Via
A13: Mike Bakke / 1122 Choteau St | B13: Northern Utah | C13: Dane Covington | D13: Dane Covington | E13: 46279 | F13: 25357 | G13: Self | H13: Dane Covington
A14: Kirsten Madsen / 703 8th Ave | B14: Northern Utah | C14: Dane Covington | D14: Dane Covington | E14: 46287 | F14: 22079 | G14: Self | H14: Dane Covington
A15: Bryant Gauthier / 1827 Hollins Ave | B15: Northern Utah | C15: Dane Covington | D15: Dane Covington | E15: 46284 | F15: 16030 | G15: Self | H15: Dane Covington
A16: Sandy Kurek 2 / 1100 S 200 W | B16: Northern Utah | C16: Dane Covington | D16: Dane Covington | E16: 46294 | F16: 7159 | G16: Self | H16: Dane Covington
A17: James Burdick / 1902 Wilder Ave | B17: Northern Utah | C17: Dane Covington | D17: Dane Covington | E17: 46278 | F17: 4760 | G17: Self | H17: Dane Covington
A18: Celeste Webb / 391 Hillcrest Way | B18: Northern Utah | C18: Cade Covington | D18: Dane Covington | E18: 46269 | F18: 12348 | G18: Level 1 | H18: Cade Covington
A19: Joshua Fraley / 3825 Remington St | B19: Northern Utah | C19: Isabella Basanta | D19: Dane Covington | E19: 46284 | F19: 19718 | G19: Level 3 | H19: Isabella Basanta
A20: Terence Meagher / 622 Mill Rd | B20: Northern Utah | C20: Isabella Basanta | D20: Kerrigan Simpson | E20: 46286 | F20: 17811 | G20: Level 3 | H20: Isabella Basanta
A21: Nicholas Hamm / 4432 Red Fox Dr | B21: Northern Utah | C21: Isabella Basanta | D21: Carl Crosland | E21: 46281 | F21: 16938 | G21: Level 3 | H21: Isabella Basanta
A22: Rachel Bond / 4330 Cougar Dr | B22: Northern Utah | C22: Isabella Basanta | D22: Carl Crosland | E22: 46280 | F22: 13026 | G22: Level 3 | H22: Isabella Basanta
A23: Marshall Peterson / 2635 Sundance Dr | B23: Northern Utah | C23: Isabella Basanta | D23: Dane Covington | E23: 46282 | F23: 6121 | G23: Level 3 | H23: Isabella Basanta
A24: Mario Ricardo Torres Laboriel / 636 E 300 N | B24: Northern Utah | C24: Isabella Basanta | D24: Terry Xanthos | E24: 46295 | F24: 3534 | G24: Level 3 | H24: Isabella Basanta
A25: TOTAL | F25: =SUM(F13:F24)

Sheet Mavryck Holmgren
A1: Mavryck Holmgren
A2: Total downline revenue (September 2026): | B2: =F23
A4: Downline Recruit Breakdown
A5: Recruit | B5: Sales Team | C5: Level | D5: Recruited By | E5: Deals | F5: Revenue | G5: % of Total
A6: Zach Lemon | B6: Eastern Idaho | C6: Level 1 | D6: Mavryck Holmgren | E6: =COUNTIF($H$15:$H$22,A6) | F6: =SUMIF($H$15:$H$22,A6,$F$15:$F$22) | G6: =IF($F$23=0,0,F6/$F$23)
A7: Kerrigan Simpson | B7: Eastern Idaho | C7: Level 1 | D7: Mavryck Holmgren | E7: =COUNTIF($H$15:$H$22,A7) | F7: =SUMIF($H$15:$H$22,A7,$F$15:$F$22) | G7: =IF($F$23=0,0,F7/$F$23)
A8: Giancarlo Stoffels | B8: Southern Utah | C8: Level 1 | D8: Mavryck Holmgren | E8: =COUNTIF($H$15:$H$22,A8) | F8: =SUMIF($H$15:$H$22,A8,$F$15:$F$22) | G8: =IF($F$23=0,0,F8/$F$23)
A9: Travis Dykman | B9: Eastern Idaho | C9: Level 1 | D9: Mavryck Holmgren | E9: =COUNTIF($H$15:$H$22,A9) | F9: =SUMIF($H$15:$H$22,A9,$F$15:$F$22) | G9: =IF($F$23=0,0,F9/$F$23)
A10: Lane Coffey | B10: Eastern Idaho | C10: Level 2 | D10: Kerrigan Simpson | E10: =COUNTIF($H$15:$H$22,A10) | F10: =SUMIF($H$15:$H$22,A10,$F$15:$F$22) | G10: =IF($F$23=0,0,F10/$F$23)
A11: TOTAL | E11: =SUM(E6:E10) | F11: =SUM(F6:F10) | G11: =SUM(G6:G10)
A13: Opportunities
A14: Opportunity | B14: Sales Team | C14: Canvasser | D14: Closer | E14: Closing Date | F14: Contract Value | G14: Downline | H14: Credited Via
A15: Anna Hewitt / 1301 46th Ave NE | B15: Eastern Idaho | C15: Zach Lemon | D15: Nick Brown | E15: 46291 | F15: 48464 | G15: Level 1 | H15: Zach Lemon
A16: Milton Johns / 2436 Haw Creek Blvd | B16: Eastern Idaho | C16: Kerrigan Simpson | D16: Kerrigan Simpson | E16: 46267 | F16: 30009 | G16: Level 1 | H16: Kerrigan Simpson
A17: Darrell & Maggie Phillips / 2220 Pintura Dr | B17: Southern Utah | C17: Giancarlo Stoffels | D17: Jordan Naylor | E17: 46274 | F17: 15902 | G17: Level 1 | H17: Giancarlo Stoffels
A18: Dana Boylan / 2740 Ancabide Ln | B18: Eastern Idaho | C18: Kerrigan Simpson | D18: Kerrigan Simpson | E18: 46275 | F18: 15898 | G18: Level 1 | H18: Kerrigan Simpson
A19: Joy Hepworth / 131 Willard Ave | B19: Eastern Idaho | C19: Travis Dykman | D19: Nick Brown | E19: 46275 | F19: 12935 | G19: Level 1 | H19: Travis Dykman
A20: Christine Warner / 121 Dallas St | B20: Eastern Idaho | C20: Lane Coffey | D20: Kerrigan Simpson | E20: 46276 | F20: 17633 | G20: Level 2 | H20: Lane Coffey
A21: Dennis Vaillancourt / 212 Pine St | B21: Eastern Idaho | C21: Lane Coffey | D21: Kerrigan Simpson | E21: 46277 | F21: 7519 | G21: Level 2 | H21: Lane Coffey
A22: Anita/Rayne Klein / 151 Cove Ln | B22: Eastern Idaho | C22: Lane Coffey | D22: Kerrigan Simpson | E22: 46291 | F22: 6686 | G22: Level 2 | H22: Lane Coffey
A23: TOTAL | F23: =SUM(F15:F22)

Sheet Todd Hess
A1: Todd Hess
A2: Total downline revenue (September 2026): | B2: =F21
A4: Downline Recruit Breakdown
A5: Recruit | B5: Sales Team | C5: Level | D5: Recruited By | E5: Deals | F5: Revenue | G5: % of Total
A6: Todd Hess | B6: Northern Utah | C6: Self | E6: =COUNTIF($H$12:$H$20,A6) | F6: =SUMIF($H$12:$H$20,A6,$F$12:$F$20) | G6: =IF($F$21=0,0,F6/$F$21)
A7: Shawn Harding | B7: Northern Utah | C7: Level 1 | D7: Todd Hess | E7: =COUNTIF($H$12:$H$20,A7) | F7: =SUMIF($H$12:$H$20,A7,$F$12:$F$20) | G7: =IF($F$21=0,0,F7/$F$21)
A8: TOTAL | E8: =SUM(E6:E7) | F8: =SUM(F6:F7) | G8: =SUM(G6:G7)
A10: Opportunities
A11: Opportunity | B11: Sales Team | C11: Canvasser | D11: Closer | E11: Closing Date | F11: Contract Value | G11: Downline | H11: Credited Via
A12: Carroll Benjamin / 606 E Groschell St | B12: Northern Utah | C12: Todd Hess | D12: Todd Hess | E12: 46270 | F12: 21582 | G12: Self | H12: Todd Hess
A13: Denise Gjerde / 411 W Riggs St | B13: Northern Utah | C13: Todd Hess | D13: Todd Hess | E13: 46271 | F13: 16157 | G13: Self | H13: Todd Hess
A14: Timothy Broadbrooks / 3472 Ayden Rd | B14: Northern Utah | C14: Shawn Harding | D14: Todd Hess | E14: 46279 | F14: 20247 | G14: Level 1 | H14: Shawn Harding
A15: Chad Guymon / 3755 Pioneer Park Dr | B15: Northern Utah | C15: Shawn Harding | D15: Todd Hess | E15: 46280 | F15: 16393 | G15: Level 1 | H15: Shawn Harding
A16: Jason Brenna / 703 E Riggs St | B16: Northern Utah | C16: Shawn Harding | D16: Todd Hess | E16: 46282 | F16: 15992 | G16: Level 1 | H16: Shawn Harding
A17: Kathy Jacobsen / 3220 Rocky Rd | B17: Northern Utah | C17: Shawn Harding | D17: Todd Hess | E17: 46283 | F17: 13219 | G17: Level 1 | H17: Shawn Harding
A18: Karen O'Donnell / 3216 Harness Loop | B18: Northern Utah | C18: Shawn Harding | D18: Todd Hess | E18: 46280 | F18: 11229 | G18: Level 1 | H18: Shawn Harding
A19: Donald Nicholls / 2505 N 6900 W | B19: Northern Utah | C19: Shawn Harding | D19: Todd Hess | E19: 46295 | F19: 9038 | G19: Level 1 | H19: Shawn Harding
A20: Jennifer Listerud / 3243 Harness Loop | B20: Northern Utah | C20: Shawn Harding | D20: Dane Covington | E20: 46280 | F20: 5920 | G20: Level 1 | H20: Shawn Harding
A21: TOTAL | F21: =SUM(F12:F20)

Sheet Ethan Saxton
A1: Ethan Saxton
A2: Total downline revenue (September 2026): | B2: =F19
A4: Downline Recruit Breakdown
A5: Recruit | B5: Sales Team | C5: Level | D5: Recruited By | E5: Deals | F5: Revenue | G5: % of Total
A6: Ethan Saxton | B6: Southern Utah | C6: Self | E6: =COUNTIF($H$12:$H$18,A6) | F6: =SUMIF($H$12:$H$18,A6,$F$12:$F$18) | G6: =IF($F$19=0,0,F6/$F$19)
A7: Camille Gerritsen | B7: Northern Utah | C7: Level 1 | D7: Ethan Saxton | E7: =COUNTIF($H$12:$H$18,A7) | F7: =SUMIF($H$12:$H$18,A7,$F$12:$F$18) | G7: =IF($F$19=0,0,F7/$F$19)
A8: TOTAL | E8: =SUM(E6:E7) | F8: =SUM(F6:F7) | G8: =SUM(G6:G7)
A10: Opportunities
A11: Opportunity | B11: Sales Team | C11: Canvasser | D11: Closer | E11: Closing Date | F11: Contract Value | G11: Downline | H11: Credited Via
A12: Maralene Spawn / 1242 Cortez Ave | B12: Southern Utah | C12: Ethan Saxton | D12: Jordan Naylor | E12: 46279 | F12: 15127 | G12: Self | H12: Ethan Saxton
A13: Darlene Bohl / 1082 Sierra Granda Blvd | B13: Southern Utah | C13: Ethan Saxton | D13: Nathan Lewis | E13: 46282 | F13: 9869 | G13: Self | H13: Ethan Saxton
A14: Phil Bushilla / 701 Red Letter St | B14: Northern Utah | C14: Camille Gerritsen | D14: Carl Crosland | E14: 46277 | F14: 25904 | G14: Level 1 | H14: Camille Gerritsen
A15: Brian Morris / 2102 Turmaline Ct | B15: Northern Utah | C15: Camille Gerritsen | D15: Dane Covington | E15: 46279 | F15: 20817 | G15: Level 1 | H15: Camille Gerritsen
A16: Travis Groberg / 313 Emerson Ave | B16: Northern Utah | C16: Camille Gerritsen | D16: Dane Covington | E16: 46270 | F16: 11519 | G16: Level 1 | H16: Camille Gerritsen
A17: Zoe Bushilla / 2514 Heritage Dr | B17: Northern Utah | C17: Camille Gerritsen | D17: Carl Crosland | E17: 46277 | F17: 10988 | G17: Level 1 | H17: Camille Gerritsen
A18: Kathleenn Koford / 15 S Raleigh St | B18: Northern Utah | C18: Camille Gerritsen | D18: Dane Covington | E18: 46283 | F18: 7448 | G18: Level 1 | H18: Camille Gerritsen
A19: TOTAL | F19: =SUM(F12:F18)

Sheet Kimberly Simmerman
A1: Kimberly Simmerman
A2: Total downline revenue (September 2026): | B2: =F16
A4: Downline Recruit Breakdown
A5: Recruit | B5: Sales Team | C5: Level | D5: Recruited By | E5: Deals | F5: Revenue | G5: % of Total
A6: Kimberly Simmerman | B6: Southern Utah | C6: Self | E6: =COUNTIF($H$11:$H$15,A6) | F6: =SUMIF($H$11:$H$15,A6,$F$11:$F$15) | G6: =IF($F$16=0,0,F6/$F$16)
A7: TOTAL | E7: =SUM(E6:E6) | F7: =SUM(F6:F6) | G7: =SUM(G6:G6)
A9: Opportunities
A10: Opportunity | B10: Sales Team | C10: Canvasser | D10: Closer | E10: Closing Date | F10: Contract Value | G10: Downline | H10: Credited Via
A11: Roger Gold 2 / 12 N Cove Dr | B11: Southern Utah | C11: Kimberly Simmerman | D11: Jordan Naylor | E11: 46282 | F11: 20338 | G11: Self | H11: Kimberly Simmerman
A12: Carlos & Yanina Becco / 1004 S 860 W | B12: Southern Utah | C12: Kimberly Simmerman | D12: Jordan Naylor | E12: 46282 | F12: 20262 | G12: Self | H12: Kimberly Simmerman
A13: Kim & Lorie Stonehouse / 893 S 860 W | B13: Southern Utah | C13: Kimberly Simmerman | D13: JJ Gurney | E13: 46276 | F13: 19549 | G13: Self | H13: Kimberly Simmerman
A14: Marilyn Grainger / 996 S 860 W | B14: Southern Utah | C14: Kimberly Simmerman | D14: Jordan Naylor | E14: 46282 | F14: 13193 | G14: Self | H14: Kimberly Simmerman
A15: Mark & Rlene Tucker / 680 S 1100 W | B15: Southern Utah | C15: Kimberly Simmerman | D15: Jordan Naylor | E15: 46287 | F15: 12150 | G15: Self | H15: Kimberly Simmerman
A16: TOTAL | F16: =SUM(F11:F15)

Sheet Kerrigan Simpson
A1: Kerrigan Simpson
A2: Total downline revenue (September 2026): | B2: =F17
A4: Downline Recruit Breakdown
A5: Recruit | B5: Sales Team | C5: Level | D5: Recruited By | E5: Deals | F5: Revenue | G5: % of Total
A6: Kerrigan Simpson | B6: Eastern Idaho | C6: Self | E6: =COUNTIF($H$12:$H$16,A6) | F6: =SUMIF($H$12:$H$16,A6,$F$12:$F$16) | G6: =IF($F$17=0,0,F6/$F$17)
A7: Lane Coffey | B7: Eastern Idaho | C7: Level 1 | D7: Kerrigan Simpson | E7: =COUNTIF($H$12:$H$16,A7) | F7: =SUMIF($H$12:$H$16,A7,$F$12:$F$16) | G7: =IF($F$17=0,0,F7/$F$17)
A8: TOTAL | E8: =SUM(E6:E7) | F8: =SUM(F6:F7) | G8: =SUM(G6:G7)
A10: Opportunities
A11: Opportunity | B11: Sales Team | C11: Canvasser | D11: Closer | E11: Closing Date | F11: Contract Value | G11: Downline | H11: Credited Via
A12: Milton Johns / 2436 Haw Creek Blvd | B12: Eastern Idaho | C12: Kerrigan Simpson | D12: Kerrigan Simpson | E12: 46267 | F12: 30009 | G12: Self | H12: Kerrigan Simpson
A13: Dana Boylan / 2740 Ancabide Ln | B13: Eastern Idaho | C13: Kerrigan Simpson | D13: Kerrigan Simpson | E13: 46275 | F13: 15898 | G13: Self | H13: Kerrigan Simpson
A14: Christine Warner / 121 Dallas St | B14: Eastern Idaho | C14: Lane Coffey | D14: Kerrigan Simpson | E14: 46276 | F14: 17633 | G14: Level 1 | H14: Lane Coffey
A15: Dennis Vaillancourt / 212 Pine St | B15: Eastern Idaho | C15: Lane Coffey | D15: Kerrigan Simpson | E15: 46277 | F15: 7519 | G15: Level 1 | H15: Lane Coffey
A16: Anita/Rayne Klein / 151 Cove Ln | B16: Eastern Idaho | C16: Lane Coffey | D16: Kerrigan Simpson | E16: 46291 | F16: 6686 | G16: Level 1 | H16: Lane Coffey
A17: TOTAL | F17: =SUM(F12:F16)

Sheet Mario Torres
A1: Mario Torres
A2: Total downline revenue (September 2026): | B2: =F17
A4: Downline Recruit Breakdown
A5: Recruit | B5: Sales Team | C5: Level | D5: Recruited By | E5: Deals | F5: Revenue | G5: % of Total
A6: Isabella Basanta | B6: Northern Utah | C6: Level 1 | D6: Mario Torres | E6: =COUNTIF($H$11:$H$16,A6) | F6: =SUMIF($H$11:$H$16,A6,$F$11:$F$16) | G6: =IF($F$17=0,0,F6/$F$17)
A7: TOTAL | E7: =SUM(E6:E6) | F7: =SUM(F6:F6) | G7: =SUM(G6:G6)
A9: Opportunities
A10: Opportunity | B10: Sales Team | C10: Canvasser | D10: Closer | E10: Closing Date | F10: Contract Value | G10: Downline | H10: Credited Via
A11: Joshua Fraley / 3825 Remington St | B11: Northern Utah | C11: Isabella Basanta | D11: Dane Covington | E11: 46284 | F11: 19718 | G11: Level 1 | H11: Isabella Basanta
A12: Terence Meagher / 622 Mill Rd | B12: Northern Utah | C12: Isabella Basanta | D12: Kerrigan Simpson | E12: 46286 | F12: 17811 | G12: Level 1 | H12: Isabella Basanta
A13: Nicholas Hamm / 4432 Red Fox Dr | B13: Northern Utah | C13: Isabella Basanta | D13: Carl Crosland | E13: 46281 | F13: 16938 | G13: Level 1 | H13: Isabella Basanta
A14: Rachel Bond / 4330 Cougar Dr | B14: Northern Utah | C14: Isabella Basanta | D14: Carl Crosland | E14: 46280 | F14: 13026 | G14: Level 1 | H14: Isabella Basanta
A15: Marshall Peterson / 2635 Sundance Dr | B15: Northern Utah | C15: Isabella Basanta | D15: Dane Covington | E15: 46282 | F15: 6121 | G15: Level 1 | H15: Isabella Basanta
A16: Mario Ricardo Torres Laboriel / 636 E 300 N | B16: Northern Utah | C16: Isabella Basanta | D16: Terry Xanthos | E16: 46295 | F16: 3534 | G16: Level 1 | H16: Isabella Basanta
A17: TOTAL | F17: =SUM(F11:F16)

Sheet Terry Xanthos
A1: Terry Xanthos
A2: Total downline revenue (September 2026): | B2: =F17
A4: Downline Recruit Breakdown
A5: Recruit | B5: Sales Team | C5: Level | D5: Recruited By | E5: Deals | F5: Revenue | G5: % of Total
A6: Isabella Basanta | B6: Northern Utah | C6: Level 2 | D6: Mario Torres | E6: =COUNTIF($H$11:$H$16,A6) | F6: =SUMIF($H$11:$H$16,A6,$F$11:$F$16) | G6: =IF($F$17=0,0,F6/$F$17)
A7: TOTAL | E7: =SUM(E6:E6) | F7: =SUM(F6:F6) | G7: =SUM(G6:G6)
A9: Opportunities
A10: Opportunity | B10: Sales Team | C10: Canvasser | D10: Closer | E10: Closing Date | F10: Contract Value | G10: Downline | H10: Credited Via
A11: Joshua Fraley / 3825 Remington St | B11: Northern Utah | C11: Isabella Basanta | D11: Dane Covington | E11: 46284 | F11: 19718 | G11: Level 2 | H11: Isabella Basanta
A12: Terence Meagher / 622 Mill Rd | B12: Northern Utah | C12: Isabella Basanta | D12: Kerrigan Simpson | E12: 46286 | F12: 17811 | G12: Level 2 | H12: Isabella Basanta
A13: Nicholas Hamm / 4432 Red Fox Dr | B13: Northern Utah | C13: Isabella Basanta | D13: Carl Crosland | E13: 46281 | F13: 16938 | G13: Level 2 | H13: Isabella Basanta
A14: Rachel Bond / 4330 Cougar Dr | B14: Northern Utah | C14: Isabella Basanta | D14: Carl Crosland | E14: 46280 | F14: 13026 | G14: Level 2 | H14: Isabella Basanta
A15: Marshall Peterson / 2635 Sundance Dr | B15: Northern Utah | C15: Isabella Basanta | D15: Dane Covington | E15: 46282 | F15: 6121 | G15: Level 2 | H15: Isabella Basanta
A16: Mario Ricardo Torres Laboriel / 636 E 300 N | B16: Northern Utah | C16: Isabella Basanta | D16: Terry Xanthos | E16: 46295 | F16: 3534 | G16: Level 2 | H16: Isabella Basanta
A17: TOTAL | F17: =SUM(F11:F16)

Sheet Brian Gwyn
A1: Brian Gwyn
A2: Total downline revenue (September 2026): | B2: =F14
A4: Downline Recruit Breakdown
A5: Recruit | B5: Sales Team | C5: Level | D5: Recruited By | E5: Deals | F5: Revenue | G5: % of Total
A6: Brian Gwyn | B6: Eastern Idaho | C6: Self | E6: =COUNTIF($H$12:$H$13,A6) | F6: =SUMIF($H$12:$H$13,A6,$F$12:$F$13) | G6: =IF($F$14=0,0,F6/$F$14)
A7: Amber Heer | B7: Eastern Idaho | C7: Level 2 | D7: Scott Heer | E7: =COUNTIF($H$12:$H$13,A7) | F7: =SUMIF($H$12:$H$13,A7,$F$12:$F$13) | G7: =IF($F$14=0,0,F7/$F$14)
A8: TOTAL | E8: =SUM(E6:E7) | F8: =SUM(F6:F7) | G8: =SUM(G6:G7)
A10: Opportunities
A11: Opportunity | B11: Sales Team | C11: Canvasser | D11: Closer | E11: Closing Date | F11: Contract Value | G11: Downline | H11: Credited Via
A12: Robert & Maria Becker / 2405 3rd Ave N | B12: Eastern Idaho | C12: Brian Gwyn | D12: Brian Gwyn | E12: 46295 | F12: 47530 | G12: Self | H12: Brian Gwyn
A13: Maria Rocio Heinemann / 8150 Lazy H Trl | B13: Eastern Idaho | C13: Amber Heer | D13: Nick Brown | E13: 46277 | F13: 19764 | G13: Level 2 | H13: Amber Heer
A14: TOTAL | F14: =SUM(F12:F13)

Sheet Chase Merrell
A1: Chase Merrell
A2: Total downline revenue (September 2026): | B2: =F14
A4: Downline Recruit Breakdown
A5: Recruit | B5: Sales Team | C5: Level | D5: Recruited By | E5: Deals | F5: Revenue | G5: % of Total
A6: Chase Merrell | B6: Southern Utah | C6: Self | E6: =COUNTIF($H$11:$H$13,A6) | F6: =SUMIF($H$11:$H$13,A6,$F$11:$F$13) | G6: =IF($F$14=0,0,F6/$F$14)
A7: TOTAL | E7: =SUM(E6:E6) | F7: =SUM(F6:F6) | G7: =SUM(G6:G6)
A9: Opportunities
A10: Opportunity | B10: Sales Team | C10: Canvasser | D10: Closer | E10: Closing Date | F10: Contract Value | G10: Downline | H10: Credited Via
A11: Michael Monday / 192 Quiet Water Ave | B11: Southern Utah | C11: Chase Merrell | D11: Nathan Lewis | E11: 46281 | F11: 38023 | G11: Self | H11: Chase Merrell
A12: Jennifer Gaghen / 430 Wigwam Trl | B12: Southern Utah | C12: Chase Merrell | D12: Nathan Lewis | E12: 46281 | F12: 18593 | G12: Self | H12: Chase Merrell
A13: Steven French / 475 Wigwam Trl | B13: Southern Utah | C13: Chase Merrell | D13: JJ Gurney | E13: 46281 | F13: 9937 | G13: Self | H13: Chase Merrell
A14: TOTAL | F14: =SUM(F11:F13)

Sheet Alan Fransen
A1: Alan Fransen
A2: Total downline revenue (September 2026): | B2: =F16
A4: Downline Recruit Breakdown
A5: Recruit | B5: Sales Team | C5: Level | D5: Recruited By | E5: Deals | F5: Revenue | G5: % of Total
A6: Alan Fransen | B6: Eastern Idaho | C6: Self | E6: =COUNTIF($H$12:$H$15,A6) | F6: =SUMIF($H$12:$H$15,A6,$F$12:$F$15) | G6: =IF($F$16=0,0,F6/$F$16)
A7: Caleb Fransen | B7: Eastern Idaho | C7: Level 1 | D7: Alan Fransen | E7: =COUNTIF($H$12:$H$15,A7) | F7: =SUMIF($H$12:$H$15,A7,$F$12:$F$15) | G7: =IF($F$16=0,0,F7/$F$16)
A8: TOTAL | E8: =SUM(E6:E7) | F8: =SUM(F6:F7) | G8: =SUM(G6:G7)
A10: Opportunities
A11: Opportunity | B11: Sales Team | C11: Canvasser | D11: Closer | E11: Closing Date | F11: Contract Value | G11: Downline | H11: Credited Via
A12: David Poulson / 4443 E 116 N | B12: Eastern Idaho | C12: Alan Fransen | D12: Alan Fransen | E12: 46279 | F12: 13785 | G12: Self | H12: Alan Fransen
A13: Forrest Barnes / 237 N 4300 E | B13: Eastern Idaho | C13: Alan Fransen | D13: Alan Fransen | E13: 46289 | F13: 13441 | G13: Self | H13: Alan Fransen
A14: Thomas Strong / 4124 E 230 N | B14: Eastern Idaho | C14: Alan Fransen | D14: Alan Fransen | E14: 46289 | F14: 6095 | G14: Self | H14: Alan Fransen
A15: Lam Vo / 331 Alder St | B15: Eastern Idaho | C15: Caleb Fransen | D15: Kerrigan Simpson | E15: 46270 | F15: 18991 | G15: Level 1 | H15: Caleb Fransen
A16: TOTAL | F16: =SUM(F12:F15)

Sheet Lane Coffey
A1: Lane Coffey
A2: Total downline revenue (September 2026): | B2: =F14
A4: Downline Recruit Breakdown
A5: Recruit | B5: Sales Team | C5: Level | D5: Recruited By | E5: Deals | F5: Revenue | G5: % of Total
A6: Lane Coffey | B6: Eastern Idaho | C6: Self | E6: =COUNTIF($H$11:$H$13,A6) | F6: =SUMIF($H$11:$H$13,A6,$F$11:$F$13) | G6: =IF($F$14=0,0,F6/$F$14)
A7: TOTAL | E7: =SUM(E6:E6) | F7: =SUM(F6:F6) | G7: =SUM(G6:G6)
A9: Opportunities
A10: Opportunity | B10: Sales Team | C10: Canvasser | D10: Closer | E10: Closing Date | F10: Contract Value | G10: Downline | H10: Credited Via
A11: Christine Warner / 121 Dallas St | B11: Eastern Idaho | C11: Lane Coffey | D11: Kerrigan Simpson | E11: 46276 | F11: 17633 | G11: Self | H11: Lane Coffey
A12: Dennis Vaillancourt / 212 Pine St | B12: Eastern Idaho | C12: Lane Coffey | D12: Kerrigan Simpson | E12: 46277 | F12: 7519 | G12: Self | H12: Lane Coffey
A13: Anita/Rayne Klein / 151 Cove Ln | B13: Eastern Idaho | C13: Lane Coffey | D13: Kerrigan Simpson | E13: 46291 | F13: 6686 | G13: Self | H13: Lane Coffey
A14: TOTAL | F14: =SUM(F11:F13)

Sheet Jason Trolson
A1: Jason Trolson
A2: Total downline revenue (September 2026): | B2: =F12
A4: Downline Recruit Breakdown
A5: Recruit | B5: Sales Team | C5: Level | D5: Recruited By | E5: Deals | F5: Revenue | G5: % of Total
A6: Jason Trolson | B6: Northern Utah | C6: Self | E6: =COUNTIF($H$11:$H$11,A6) | F6: =SUMIF($H$11:$H$11,A6,$F$11:$F$11) | G6: =IF($F$12=0,0,F6/$F$12)
A7: TOTAL | E7: =SUM(E6:E6) | F7: =SUM(F6:F6) | G7: =SUM(G6:G6)
A9: Opportunities
A10: Opportunity | B10: Sales Team | C10: Canvasser | D10: Closer | E10: Closing Date | F10: Contract Value | G10: Downline | H10: Credited Via
A11: Tami Ellis / 130 Briarwood Ln | B11: Northern Utah | C11: Jason Trolson | D11: Dane Covington | E11: 46278 | F11: 20565 | G11: Self | H11: Jason Trolson
A12: TOTAL | F12: =SUM(F11:F11)

Sheet Scott Heer
A1: Scott Heer
A2: Total downline revenue (September 2026): | B2: =F12
A4: Downline Recruit Breakdown
A5: Recruit | B5: Sales Team | C5: Level | D5: Recruited By | E5: Deals | F5: Revenue | G5: % of Total
A6: Amber Heer | B6: Eastern Idaho | C6: Level 1 | D6: Scott Heer | E6: =COUNTIF($H$11:$H$11,A6) | F6: =SUMIF($H$11:$H$11,A6,$F$11:$F$11) | G6: =IF($F$12=0,0,F6/$F$12)
A7: TOTAL | E7: =SUM(E6:E6) | F7: =SUM(F6:F6) | G7: =SUM(G6:G6)
A9: Opportunities
A10: Opportunity | B10: Sales Team | C10: Canvasser | D10: Closer | E10: Closing Date | F10: Contract Value | G10: Downline | H10: Credited Via
A11: Maria Rocio Heinemann / 8150 Lazy H Trl | B11: Eastern Idaho | C11: Amber Heer | D11: Nick Brown | E11: 46277 | F11: 19764 | G11: Level 1 | H11: Amber Heer
A12: TOTAL | F12: =SUM(F11:F11)

Sheet Caleb Fransen
A1: Caleb Fransen
A2: Total downline revenue (September 2026): | B2: =F12
A4: Downline Recruit Breakdown
A5: Recruit | B5: Sales Team | C5: Level | D5: Recruited By | E5: Deals | F5: Revenue | G5: % of Total
A6: Caleb Fransen | B6: Eastern Idaho | C6: Self | E6: =COUNTIF($H$11:$H$11,A6) | F6: =SUMIF($H$11:$H$11,A6,$F$11:$F$11) | G6: =IF($F$12=0,0,F6/$F$12)
A7: TOTAL | E7: =SUM(E6:E6) | F7: =SUM(F6:F6) | G7: =SUM(G6:G6)
A9: Opportunities
A10: Opportunity | B10: Sales Team | C10: Canvasser | D10: Closer | E10: Closing Date | F10: Contract Value | G10: Downline | H10: Credited Via
A11: Lam Vo / 331 Alder St | B11: Eastern Idaho | C11: Caleb Fransen | D11: Kerrigan Simpson | E11: 46270 | F11: 18991 | G11: Self | H11: Caleb Fransen
A12: TOTAL | F12: =SUM(F11:F11)

Sheet Tanner Crosland
A1: Tanner Crosland
A2: Total downline revenue (September 2026): | B2: =F12
A4: Downline Recruit Breakdown
A5: Recruit | B5: Sales Team | C5: Level | D5: Recruited By | E5: Deals | F5: Revenue | G5: % of Total
A6: Tanner Crosland | B6: Northern Utah | C6: Self | E6: =COUNTIF($H$11:$H$11,A6) | F6: =SUMIF($H$11:$H$11,A6,$F$11:$F$11) | G6: =IF($F$12=0,0,F6/$F$12)
A7: TOTAL | E7: =SUM(E6:E6) | F7: =SUM(F6:F6) | G7: =SUM(G6:G6)
A9: Opportunities
A10: Opportunity | B10: Sales Team | C10: Canvasser | D10: Closer | E10: Closing Date | F10: Contract Value | G10: Downline | H10: Credited Via
A11: Jan Hardman 2 / 2147 S 5900 W | B11: Northern Utah | C11: Tanner Crosland | D11: Todd Hess | E11: 46267 | F11: 2344 | G11: Self | H11: Tanner Crosland
A12: TOTAL | F12: =SUM(F11:F11)
